{
	"format_version": "1.21.6",
	"credit": "Made with Blockbench",
	"parent": "block/block",
	"texture_size": [32, 32],
	"textures": {
		"0": "block/casino/buttons",
		"1": "block/casino/buttonr",
		"2": "block/casino/front",
		"3": "block/casino/pull",
		"4": "block/casino/texture",
		"5": "block/casino/texture2",
		"6": "block/casino/slantedroof",
		"7": "block/casino/front2",
		"8": "block/casino/back",
		"9": "block/casino/walll",
		"10": "block/casino/texture3",
		"particle": "block/casino/buttons"
	},
	"elements": [
		{
			"name": "Roof",
			"from": [0, 15, 0],
			"to": [16, 16, 16],
			"rotation": {"angle": 0, "axis": "x", "origin": [0, 0, 16]},
			"faces": {
				"north": {"uv": [8, 0, 16, 0.5], "texture": "#10"},
				"east": {"uv": [8, 0.5, 16, 1], "texture": "#10", "cullface": "east"},
				"south": {"uv": [8, 1, 16, 1.5], "texture": "#10", "cullface": "down"},
				"west": {"uv": [8, 1.5, 16, 2], "texture": "#10", "cullface": "west"},
				"up": {"uv": [8, 16, 0, 8], "texture": "#10", "cullface": "south"},
				"down": {"uv": [8, 0, 0, 8], "texture": "#10", "cullface": "north"}
			}
		},
		{
			"name": "Roof",
			"from": [0, -16, 0],
			"to": [16, -15, 16],
			"rotation": {"angle": 0, "axis": "x", "origin": [0, -31, 16]},
			"faces": {
				"north": {"uv": [8, 0, 16, 0.5], "texture": "#10"},
				"east": {"uv": [8, 0.5, 16, 1], "texture": "#10", "cullface": "east"},
				"south": {"uv": [8, 1, 16, 1.5], "texture": "#10", "cullface": "down"},
				"west": {"uv": [8, 1.5, 16, 2], "texture": "#10", "cullface": "west"},
				"up": {"uv": [8, 16, 0, 8], "texture": "#10", "cullface": "south"},
				"down": {"uv": [8, 0, 0, 8], "texture": "#10", "cullface": "north"}
			}
		},
		{
			"name": "WallL",
			"from": [-1, -16, -1],
			"to": [17, 16, 0],
			"rotation": {"angle": 0, "axis": "y", "origin": [0, 0, -16]},
			"faces": {
				"north": {"uv": [0, 0, 4.25, 8], "texture": "#9", "cullface": "north"},
				"east": {"uv": [0, 8, 0.25, 16], "texture": "#9", "cullface": "east"},
				"south": {"uv": [4.25, 0, 8.5, 8], "texture": "#9", "cullface": "south"},
				"west": {"uv": [0.25, 8, 0.5, 16], "texture": "#9", "cullface": "west"},
				"up": {"uv": [4.75, 8.25, 0.5, 8], "texture": "#9"},
				"down": {"uv": [9, 8, 4.75, 8.25], "texture": "#9", "cullface": "down"}
			}
		},
		{
			"name": "WallL",
			"from": [-1, -16, 16],
			"to": [17, 16, 17],
			"rotation": {"angle": 0, "axis": "y", "origin": [0, 0, 1]},
			"faces": {
				"north": {"uv": [8.5, 0, 4.25, 8], "texture": "#9", "cullface": "north"},
				"east": {"uv": [0, 8, 0.25, 16], "texture": "#9", "cullface": "east"},
				"south": {"uv": [0, 0, 4.25, 8], "texture": "#9", "cullface": "south"},
				"west": {"uv": [0.25, 8, 0.5, 16], "texture": "#9", "cullface": "west"},
				"up": {"uv": [4.75, 8.25, 0.5, 8], "texture": "#9"},
				"down": {"uv": [9, 8, 4.75, 8.25], "texture": "#9", "cullface": "down"}
			}
		},
		{
			"name": "Back",
			"from": [16, -16, 0],
			"to": [17, 16, 16],
			"rotation": {"angle": 0, "axis": "y", "origin": [32, 0, 0]},
			"faces": {
				"north": {"uv": [0, 8, 0.25, 16], "texture": "#8", "cullface": "west"},
				"east": {"uv": [0, 0, 4, 8], "texture": "#8", "cullface": "north"},
				"south": {"uv": [8, 0, 8.25, 8], "texture": "#8", "cullface": "east"},
				"west": {"uv": [4, 0, 8, 8], "texture": "#8", "cullface": "south"},
				"up": {"uv": [0.5, 12, 0.25, 8], "texture": "#8"},
				"down": {"uv": [0.75, 8, 0.5, 12], "texture": "#8", "cullface": "down"}
			}
		},
		{
			"name": "FrontWall",
			"from": [-1, -15, 0],
			"to": [0, 0, 16],
			"rotation": {"angle": 0, "axis": "y", "origin": [15, 0, 0]},
			"faces": {
				"north": {"uv": [8.5, 0, 9, 7.5], "texture": "#7", "cullface": "west"},
				"east": {"uv": [0, 0, 8, 7.5], "texture": "#7", "cullface": "north"},
				"south": {"uv": [8.5, 7.5, 9, 15], "texture": "#7", "cullface": "east"},
				"west": {"uv": [0, 7.5, 8, 15], "texture": "#7", "cullface": "south"},
				"up": {"uv": [8.5, 8, 8, 0], "texture": "#7"},
				"down": {"uv": [8.5, 8, 8, 16], "texture": "#7", "cullface": "down"}
			}
		},
		{
			"name": "SlantedRoof",
			"from": [3, -6, 0],
			"to": [4, 4, 16],
			"rotation": {"angle": 45, "axis": "z", "origin": [-12, 5, 0]},
			"faces": {
				"north": {"uv": [8.5, 0, 9, 5], "texture": "#6", "cullface": "west"},
				"east": {"uv": [0, 0, 8, 5], "texture": "#6", "cullface": "south"},
				"south": {"uv": [8.5, 5, 9, 10], "texture": "#6", "cullface": "east"},
				"west": {"uv": [0, 5, 8, 10], "texture": "#6", "cullface": "north"},
				"up": {"uv": [8.5, 8, 8, 0], "texture": "#6", "cullface": "down"},
				"down": {"uv": [8.5, 8, 8, 16], "texture": "#6"}
			}
		},
		{
			"name": "Screen",
			"from": [0, -6, 0],
			"to": [1, 5, 16],
			"rotation": {"angle": -22.5, "axis": "z", "origin": [16, -6, 0]},
			"faces": {
				"north": {"uv": [8.5, 0, 9, 5.5], "texture": "#5", "cullface": "west"},
				"east": {"uv": [0, 0, 8, 5.5], "texture": "#5", "cullface": "north"},
				"south": {"uv": [8.5, 5.5, 9, 11], "texture": "#5", "cullface": "east"},
				"west": {"uv": [0, 4.75, 7.875, 11.125], "texture": "#5", "cullface": "south"},
				"up": {"uv": [8.5, 8, 8, 0], "texture": "#5"},
				"down": {"uv": [8.5, 8, 8, 16], "texture": "#5", "cullface": "down"}
			}
		},
		{
			"name": "Stick",
			"from": [0, -5, 18],
			"to": [1, 3, 19],
			"rotation": {"angle": 45, "axis": "z", "origin": [0, -3, 17]},
			"faces": {
				"north": {"uv": [0.25, 0.25, 0.75, 0.75], "texture": "#4"},
				"east": {"uv": [1.25, 0.25, 1.75, 0.75], "texture": "#4"},
				"south": {"uv": [2.25, 0.25, 2.75, 0.75], "texture": "#4"},
				"west": {"uv": [3.25, 0.25, 3.75, 0.75], "texture": "#4"},
				"up": {"uv": [4.25, 0.25, 4.75, 0.75], "texture": "#4"},
				"down": {"uv": [5.25, 0.25, 5.75, 0.75], "texture": "#4"}
			}
		},
		{
			"name": "Axis",
			"from": [0, -5, 17],
			"to": [1, -4, 18],
			"rotation": {"angle": 45, "axis": "z", "origin": [0, -3, 17]},
			"faces": {
				"north": {"uv": [0, 0, 1, 6], "texture": "#4"},
				"east": {"uv": [1, 0, 2, 6], "texture": "#4"},
				"south": {"uv": [2, 0, 3, 6], "texture": "#missing"},
				"west": {"uv": [3, 0, 4, 6], "texture": "#4"},
				"up": {"uv": [5, 1, 4, 0], "texture": "#4"},
				"down": {"uv": [5, 1, 4, 2], "texture": "#4"}
			}
		},
		{
			"name": "Pull",
			"from": [-5, 1, 17],
			"to": [-2, 4, 20],
			"rotation": {"angle": 45, "axis": "z", "origin": [-4, 1, 17]},
			"faces": {
				"north": {"uv": [0, 0, 3, 3], "texture": "#3"},
				"east": {"uv": [0, 3, 3, 6], "texture": "#3"},
				"south": {"uv": [3, 0, 6, 3], "texture": "#3"},
				"west": {"uv": [3, 3, 6, 6], "texture": "#3"},
				"up": {"uv": [3, 9, 0, 6], "texture": "#3"},
				"down": {"uv": [9, 0, 6, 3], "texture": "#3"}
			}
		},
		{
			"name": "Front",
			"from": [-2, -10, 0],
			"to": [2, 0, 16],
			"rotation": {"angle": 0, "axis": "y", "origin": [-2, -2, 0]},
			"faces": {
				"north": {"uv": [9, 0, 10, 5], "texture": "#2"},
				"east": {"uv": [0, 0, 8, 5], "texture": "#2"},
				"south": {"uv": [9, 5, 10, 10], "texture": "#2"},
				"west": {"uv": [0, 5, 8, 10], "texture": "#2"},
				"up": {"uv": [9, 8, 8, 0], "texture": "#2"},
				"down": {"uv": [9, 8, 8, 16], "texture": "#2"}
			}
		},
		{
			"name": "ButtonL",
			"from": [-1, 0, 13],
			"to": [0, 1, 14],
			"rotation": {"angle": 0, "axis": "y", "origin": [-2, 0, 13]},
			"faces": {
				"north": {"uv": [0, 0, 1, 1], "texture": "#0"},
				"east": {"uv": [0, 1, 1, 2], "texture": "#0"},
				"south": {"uv": [1, 0, 2, 1], "texture": "#0"},
				"west": {"uv": [1, 1, 2, 2], "texture": "#0"},
				"up": {"uv": [1, 3, 0, 2], "texture": "#0"},
				"down": {"uv": [3, 0, 2, 1], "texture": "#0"}
			}
		},
		{
			"name": "ButtonR",
			"from": [-1, 0, 2],
			"to": [0, 1, 3],
			"rotation": {"angle": 0, "axis": "y", "origin": [-2, 0, 2]},
			"faces": {
				"north": {"uv": [0, 0, 1, 1], "texture": "#1"},
				"east": {"uv": [0, 0, 1, 1], "texture": "#1"},
				"south": {"uv": [0, 0, 1, 1], "texture": "#1"},
				"west": {"uv": [0, 0, 1, 1], "texture": "#1"},
				"up": {"uv": [1, 1, 0, 0], "texture": "#1"},
				"down": {"uv": [1, 0, 0, 1], "texture": "#1"}
			}
		}
	]
}